{
    "answers": {
        "phase": "design",
        "action": "design decision",
        "scope": "uml component",
        "action experience": 3,
        "language": "n/a",
        "other language": "<fill in>",
        "aimodel": "chatgpt",
        "aimodel version": "4",
        "open source aimodel": "<fill in>",
        "tool option": "online free",
        "experience with tool": 3,
        "time allocated (h)": "0.2",
        "time saved estimate (h)": "0.5",
        "quality of ai help": 1,
        "knowledge acquired": 1,
        "generic feeling - now": 4,
        "generic feeling - future": 4,
        "threat level": 1,
        "notes": "uml design decision "
    }
}
