{
    "answers": {
        "phase": "requirements specification",
        "action": "problem understanding",
        "scope": "uml other",
        "action experience": 2,
        "language": "n/a",
        "other language":  "<fill in>" ,
        "aimodel": "chatgpt",
        "aimodel version":  "4" ,
        "open source aimodel":  "<fill in>",
        "tool option": "online free",
        "experience with tool": 2,
        "time allocated (h)": "0.25",
        "time saved estimate (h)": "1.5", 
        "quality of ai help": 3,
        "knowledge acquired": 3,
        "generic feeling - now": 2,
        "generic feeling - future": 3,
        "threat level": 1,
        "notes": "pretty convenient for double checking"
    }
}