{
    "answers": {
        "phase":  "coding", 
        "action": "functional requirements",
        "scope": "frontend",
        "action experience": 3,
        "language":"other",
        "other language": "Typescript (tsx file)",
        "aimodel": "chatgpt",
        "aimodel version": "<fill in>",
        "open source aimodel": "<fill in>",
        "tool option": "online free",
        "experience with tool": 5,
        "time allocated (h)": "0.5",
        "time saved estimate (h)": "0.4", 
        "quality of ai help": 4,
        "knowledge acquired": 4,
        "generic feeling - now": 3,
        "generic feeling - future": 3,
        "threat level": 1,
        "notes": "Helped me guide me for the syntax of TS for sending a POST request"
    }
}