{
    "answers": {
        "phase": "design",
        "action": "design decision",
        "scope": "uml sequence",
        "action experience": 3,
        "language": "n/a",
        "other language": "n/a",
        "aimodel": "chatgpt",
        "aimodel version": "Claude 3.5 Sonnet",
        "open source aimodel": "n/a",
        "tool option": "online full",
        "experience with tool": 4,
        "time allocated (h)": "2",
        "time saved estimate (h)": "1.5",
        "quality of ai help": 3,
        "knowledge acquired": 3,
        "generic feeling - now":3,
        "generic feeling - future": 4,
        "threat level": 2,
        "notes": "Helped make decisions about component interactions and message flows."
    }
}