{
    "answers": {
        "phase": "design",
        "action": "functional requirements",
        "scope": "api",
        "action experience": 3,
        "language": "n/a",
        "other language": "<fill in>",
        "aimodel": "chatgpt",
        "aimodel version": "4o",
        "open source aimodel": "<fill in>",
        "tool option": "online free",
        "experience with tool": 4,
        "time allocated (h)": "0.2",
        "time saved estimate (h)": "0",
        "quality of ai help": 1,
        "knowledge acquired": 2,
        "generic feeling - now": 2,
        "generic feeling - future": 2,
        "threat level": 0,
        "notes": "Asked ChatGPT to generate Postman Documentation for the API. While the json worked it didn't contain most of the things required so it lead to near complete rewriting"
    }
}
