{
    "answers": {
        "phase": "architecture",
        "action": "architectural decision",
        "scope":  "api",
        "action experience": 1,
        "language": "other",
        "other language": "TypeScript",
        "aimodel": "chatgpt",
        "aimodel version": "4",
        "open source aimodel": "<fill in>",
        "tool option": "online free",
        "experience with tool": 5,
        "time allocated (h)": "0.5",
        "time saved estimate (h)": "1", 
        "quality of ai help": 5,
        "knowledge acquired": 4,
        "generic feeling - now": 3,
        "generic feeling - future": 3,
        "threat level": 1,
        "notes": "Did not have an idea of how i was going to implement a cli using deno. Now I know."
    }
}