{
    "answers": {
        "phase": "architecture",
        "action": "architectural decision", 
        "scope": "api", 
        "action experience": 3,
        "language": ["n/a", "js", "js-node", "python", "sql", "nosql", "java", "yaml", "json", "other"],
        "other language": "<fill in>",
        "aimodel": ["chatgpt", "gemini", "copilot", "open source"],
        "aimodel version": "<fill in>",
        "open source aimodel": "<fill in>",
        "tool option": "online free",
        "experience with tool": 5,
        "time allocated (h)": "0.2",
        "time saved estimate (h)": "0.5", 
        "quality of ai help": 4,
        "knowledge acquired": 3,
        "generic feeling - now": 3,
        "generic feeling - future": 3,
        "threat level": 0,
        "notes": "Learned about how I should architect the CLI."
    }
}