{
    "answers": {
        "phase": "design",
        "action": "data design",
        "scope": "data management",
        "action experience": 5,
        "language": "js-node",
        "other language": "<fill in>",
        "aimodel": "chatgpt",
        "aimodel version": "3.0",
        "open source aimodel": "<fill in>",
        "tool option": "online free",
        "experience with tool": 5,
        "time allocated (h)": "0.5",
        "time saved estimate (h)": "0.3",
        "quality of ai help": 5,
        "knowledge acquired": 4,
        "generic feeling - now": 5,
        "generic feeling - future": 5,
        "threat level": 1,
        "notes": "<fill in>"
    }
}
