{
    "answers": {
        "phase": "coding",
        "action": "source code authoring",
        "scope": "api",
        "action experience": 3,
        "language": "n/a", 
        "other language": "typescript",
        "aimodel": "chatgpt",
        "aimodel version": "chatgpt 4o",
        "open source aimodel": "n/a",
        "tool option": "online full",
        "experience with tool": 4,
        "time allocated (h)": "1.5",
        "time saved estimate (h)": "1",
        "quality of ai help": 4,
        "knowledge acquired": 3,
        "generic feeling - now": 4,
        "generic feeling - future": 5,
        "threat level": 2,
        "notes": "Fixed paths and exports for resetstations endpoint in Express/TypeScript."
    }
}