{
    "answers": {
        "phase": "design",
        "action": "design decision",
        "scope": "messaging design",
        "action experience": 2,
        "language": "js",
        "other language": "<fill in>",
        "aimodel": "open source",
        "aimodel version": "r1",
        "open source aimodel": "Deepseek r1",
        "tool option": "online free",
        "experience with tool": 3,
        "time allocated (h)": "1.5",
        "time saved estimate (h)": "3",
        "quality of ai help": 4,
        "knowledge acquired": 2,
        "generic feeling - now": 4,
        "generic feeling - future": 4,
        "threat level": 0,
        "notes": "Deepseek helped with the design decision regarding the high volume payment information that need to be communicated between the backend and displayed on the frontend. It also provided some dummy implementations that we can use to test as we build upon them later."
    }
}
