{
    "answers": {
        "phase": "architecture",
        "action": "architectural decision",
        "scope": "messaging design",
        "action experience": 2,
        "language": "n/a",
        "other language": "<fill in>",
        "aimodel": "chatgpt",
        "aimodel version": "4o",
        "open source aimodel": "<fill in>",
        "tool option": "online free",
        "experience with tool": 4,
        "time allocated (h)": "0.2",
        "time saved estimate (h)": "1.5",
        "quality of ai help": 3,
        "knowledge acquired": 3,
        "generic feeling - now": 4,
        "generic feeling - future": 4,
        "threat level": 0,
        "notes": "ChatGPT helped understand differences between REST and RESTful and how JWT authentication would work over such an architecture"
    }
}
