{
    "answers": {
        "phase":"coding",
        "action": "functional requirements",
        "scope": "frontend",
        "action experience": 5,
        "language": "other",
        "other language": "TS",
        "aimodel": "chatgpt",
        "aimodel version": "4",
        "open source aimodel": "<fill in>",
        "tool option": "online free",
        "experience with tool": 5,
        "time allocated (h)": "0.5",
        "time saved estimate (h)": "0.2", 
        "quality of ai help": 3,
        "knowledge acquired": 5,
        "generic feeling - now": 3,
        "generic feeling - future": 3,
        "threat level": 0,
        "notes": "Helped me find the syntax for deleting the token stored in my local storage."
    }
}