{
    "answers": {
        "phase": "requirements gathering",
        "action": "functional requirements",
        "scope": "uml other",
        "action experience": 2,
        "language": "n/a",
        "other language": "<fill in>",
        "aimodel": "chatgpt",
        "aimodel version": "4",
        "open source aimodel": "<fill in>",
        "tool option": "online free",
        "experience with tool": 3,
        "time allocated (h)": "1",
        "time saved estimate (h)": "3",
        "quality of ai help": 4,
        "knowledge acquired": 1,
        "generic feeling - now": 4,
        "generic feeling - future": 4,
        "threat level": 2,
        "notes": "helped create well put descriptions for the class diagram of our apis"
    }
}
