{
    "answers": {
        "phase": "requirements specification",
        "action": "stakeholder statement",
        "scope": "uml other",
        "action experience": 3,
        "language": "n/a",
        "other language": "n/a",
        "aimodel": "chatgpt",
        "aimodel version": "Claude 3.5 Sonnet",
        "open source aimodel": "n/a",
        "tool option": "online full",
        "experience with tool": 4,
        "time allocated (h)": "0.5",
        "time saved estimate (h)": "0.5",
        "quality of ai help": 3,
        "knowledge acquired": 2,
        "generic feeling - now": 3,
        "generic feeling - future": 4,
        "threat level": 2,
        "notes": "Helped understand how to generate SRS documents from UML in Visual Paradigm."
    }
}