{
    "answers": {
        "phase": "design",
        "action":  "design decision",
        "scope": "frontend",
        "action experience": 3,
        "language": "other",
        "other language": "TS",
        "aimodel": "chatgpt",
        "aimodel version": "4",
        "open source aimodel": "<fill in>",
        "tool option": "online free",
        "experience with tool": 5,
        "time allocated (h)": "0.2",
        "time saved estimate (h)": "1", 
        "quality of ai help":  5,
        "knowledge acquired": 3,
        "generic feeling - now": 3,
        "generic feeling - future": 3,
        "threat level": 1,
        "notes": "Error Messaging guidance"
    }
}