{
    "answers": {
        "phase": "deployment",
        "action": "container configuration",
        "scope": "container configuration",
        "action experience": 2,
        "language": "other",
        "other language": "Dockerfile",
        "aimodel": "chatgpt",
        "aimodel version": "4o",
        "open source aimodel": "<fill in>",
        "tool option": "online free",
        "experience with tool": 4,
        "time allocated (h)": "1",
        "time saved estimate (h)": "1",
        "quality of ai help": 2,
        "knowledge acquired": 0,
        "generic feeling - now": 2,
        "generic feeling - future": 2,
        "threat level": 0,
        "notes": "Chat attempted to help at creating an apache container with HTTPS but lead nowhere"
    }
}
