{
    "answers": {
        "phase": "design",
        "action": "design decision",
        "scope": "frontend",
        "action experience": 4,
        "language": "n/a",
        "other language": "<fill in>",
        "aimodel": "chatgpt",
        "aimodel version": "4o",
        "open source aimodel": "<fill in>",
        "tool option": "online free",
        "experience with tool": 4,
        "time allocated (h)": "0.1",
        "time saved estimate (h)": "0.5",
        "quality of ai help": 5,
        "knowledge acquired": 0,
        "generic feeling - now": 5,
        "generic feeling - future": 5,
        "threat level": 0,
        "notes": "ChatGPT helped with the design of the experience for a proper app wide colorscheme"
    }
}
