{
    "answers": {
        "phase": "requirements specification",
        "action": "functional requirements",
        "scope": "uml sequence",
        "action experience": 2,
        "language": "n/a",
        "other language": "n/a",
        "aimodel": "chatgpt",
        "aimodel version": "4o",
        "open source aimodel": "n/a",
        "tool option": "online full",
        "experience with tool": 4,
        "time allocated (h)": "1",
        "time saved estimate (h)": "1",
        "quality of ai help": 3,
        "knowledge acquired": 3,
        "generic feeling - now": 3,
        "generic feeling - future": 4,
        "threat level": 2,
        "notes": "Helped specify sequence diagram flows and functional requirements."
    }
}