{
    "answers": {
        "phase": "design",
        "action": "data design",
        "scope": "backend",
        "action experience": 2,
        "language": "js-node",
        "other language": "<fill in>",
        "aimodel": "chatgpt",
        "aimodel version": "<fill in>",
        "open source aimodel": "<fill in>",
        "tool option": "online free",
        "experience with tool": 2,
        "time allocated (h)": "0",
        "time saved estimate (h)": "1",
        "quality of ai help": 2,
        "knowledge acquired": 2,
        "generic feeling - now": 2,
        "generic feeling - future": 2,
        "threat level": 1,
        "notes": "<fill in>"
    }
}
