{
    "answers": {
        "phase": "coding",
        "action": "source code authoring",
        "scope": "backend",
        "action experience": 3,
        "language": "other",
        "other language": "typescript",
        "aimodel": "chatgpt",
        "aimodel version": "4o",
        "open source aimodel": "n/a",
        "tool option": "online full",
        "experience with tool": 3,
        "time allocated (h)": "0.4",
        "time saved estimate (h)": "1",
        "quality of ai help": 3,
        "knowledge acquired": 3,
        "generic feeling - now": 3,
        "generic feeling - future": 4,
        "threat level": 2,
        "notes": "Fixed MongoDB connection and password hashing issues."
    }
}