{
    "answers": {
        "phase": "requirements specification",
        "action": "use case specification",
        "scope": "uml activity",
        "action experience": 4,
        "language": "n/a",
        "other language": "",
        "aimodel": "chatgpt",
        "aimodel version": "4o",
        "open source aimodel": "",
        "tool option": "online free",
        "experience with tool": 4,
        "time allocated (h)": "0.5",
        "time saved estimate (h)": "0.5",
        "quality of ai help": 4,
        "knowledge acquired": 5,
        "generic feeling - now": 3,
        "generic feeling - future": 4,
        "threat level": 1,
        "notes": ""
    }
}
