{
    "answers": {
        "phase": "coding",
        "action": "source code authoring",
        "scope": "frontend",
        "action experience": 4,
        "language": "js",
        "other language": "<fill in>",
        "aimodel": "open source",
        "aimodel version": "3.5",
        "open source aimodel": "Claude 3.5 Sonnet",
        "tool option": "online free",
        "experience with tool": 3,
        "time allocated (h)": "0.2",
        "time saved estimate (h)": "1.5",
        "quality of ai help": 5,
        "knowledge acquired": 4,
        "generic feeling - now": 5,
        "generic feeling - future": 4,
        "threat level": 1,
        "notes": "Claude delivered a great result in integrating an existing component in a desired form. It managed state lifting nicely, but put everything in a single file"
    }
}
