{
    "answers": {
        "phase": "requirements specification",
        "action": "problem understanding", 
        "scope": "api", 
        "action experience": 0,
        "language": "n/a", 
        "other language": "<fill in>",
        "aimodel": "chatgpt",
        "aimodel version": "4",
        "open source aimodel": "<fill in>",
        "tool option": "online free",
        "experience with tool": 4, 
        "time allocated (h)": "0.15",
        "time saved estimate (h)": "1.5", 
        "quality of ai help": 4,
        "knowledge acquired": 4,
        "generic feeling - now": 5,
        "generic feeling - future": 5,
        "threat level": 0, 
        "notes": "had no idea about the tools described, now have a reasonable grasp"
    }
}