{
    "answers": {
        "phase": "design",
        "action": "design decision",
        "scope": "frontend",
        "action experience": 2,
        "language": "js",
        "other language": "<fill in>",
        "aimodel": "chatgpt",
        "aimodel version": "4o",
        "open source aimodel": "<fill in>",
        "tool option": "online free",
        "experience with tool": 4,
        "time allocated (h)": "0.5",
        "time saved estimate (h)": "1",
        "quality of ai help": 4,
        "knowledge acquired": 3,
        "generic feeling - now": 3,
        "generic feeling - future": 3,
        "threat level": 0,
        "notes": "Chat helped better understand how JWT authentication should be handled client side in a React SPA"
    }
}
