{
    "answers": {
        "phase": "coding",
        "action": "source code authoring",
        "scope": "frontend",
        "action experience": 4,
        "language": "js",
        "other language": "<fill in>",
        "aimodel": "open source",
        "aimodel version": "v0",
        "open source aimodel": "Vercel v0 Chat",
        "tool option": "online free",
        "experience with tool": 4,
        "time allocated (h)": "1.5",
        "time saved estimate (h)": "1",
        "quality of ai help": 5,
        "knowledge acquired": 3,
        "generic feeling - now": 3,
        "generic feeling - future": 3,
        "threat level": 0,
        "notes": "Vercel v0 helped scaffold the ui for the payment cards and dialog pop-ups"
    }
}
