{
    "answers": {
        "phase": "architecture",
        "action": "architectural decision",
        "scope": "uml other",
        "action experience": 3,
        "language": "n/a",
        "other language": "<fill in>",
        "aimodel": "chatgpt",
        "aimodel version": "4",
        "open source aimodel": "<fill in>",
        "tool option": "online free",
        "experience with tool": 3,
        "time allocated (h)": "0.2",
        "time saved estimate (h)": "3",
        "quality of ai help": 5,
        "knowledge acquired": 5,
        "generic feeling - now": 4,
        "generic feeling - future": 4,
        "threat level": 2,
        "notes": "helped with the role of rest api in the uml sequence diagram"
    }
}
