{
    "answers": {
        "phase": "requirements specification",
        "action": "problem understanding",
        "scope": "uml other",
        "action experience": 2,
        "language": "n/a",
        "other language": "<fill in>",
        "aimodel": "chatgpt",
        "aimodel version": "<fill in>",
        "open source aimodel": "<fill in>",
        "tool option": "online free",
        "experience with tool": 2,
        "time allocated (h)": "1",
        "time saved estimate (h)": "1",
        "quality of ai help": 2,
        "knowledge acquired": 1,
        "generic feeling - now": 2,
        "generic feeling - future": 1,
        "threat level": 0,
        "notes": "<fill in>"
    }
}
